AIC,BIC,R_adj
608.8738854211359,619.6356313963366,0.6820296989759107
601.9437635979635,612.6942525243087,0.6857563972188382
603.6601283943093,617.994113629436,0.6324991084447767
